{
  "simulation_info": {
    "timestamp": "20250722_213732",
    "duration_hours": 1000,
    "timestep_seconds": 10,
    "num_cells": 5,
    "gpu_acceleration": false,
    "control_method": "Q-Learning",
    "initial_flow_rate_ml_h": 36000.0,
    "q_learning_params": {
      "learning_rate": 0.1,
      "discount_factor": 0.95,
      "final_epsilon": 0.05,
      "total_reward": 1034.3942560430687
    }
  },
  "results": {
    "total_energy_wh": 90.16860119209264,
    "average_power_w": 0.0901687264726207,
    "final_stack_voltage_v": 4.6449380789089805,
    "final_stack_power_w": 0.0902019801930082,
    "final_flow_rate_ml_h": 18000.0,
    "final_substrate_utilization_percent": 8.870016864878293e-05,
    "final_objective_value": 0.30855916218779467,
    "q_learning_total_reward": 1034.3942560430687,
    "q_table_size": 4
  }
}