{
  "simulation_info": {
    "timestamp": "20250722_221919",
    "duration_hours": 1000,
    "timestep_seconds": 10,
    "num_cells": 5,
    "gpu_acceleration": false,
    "control_method": "Q-Learning",
    "initial_flow_rate_ml_h": 10.0,
    "q_learning_params": {
      "learning_rate": 0.1,
      "discount_factor": 0.95,
      "final_epsilon": 0.05,
      "total_reward": 11955.463417184474
    }
  },
  "results": {
    "total_energy_wh": 2351.288641219847,
    "average_power_w": 2.3512919070515377,
    "final_stack_voltage_v": 5.404427592720056,
    "final_stack_power_w": 2.351398817613963,
    "final_flow_rate_ml_h": 18000.0,
    "final_substrate_utilization_percent": 0.001987306670749639,
    "final_objective_value": 0.5348357309592201,
    "q_learning_total_reward": 11955.463417184474,
    "q_table_size": 3
  }
}