{
  "simulation_info": {
    "timestamp": "20250722_222927",
    "duration_hours": 1000,
    "timestep_seconds": 10,
    "num_cells": 5,
    "gpu_acceleration": false,
    "control_method": "Q-Learning",
    "initial_flow_rate_ml_h": 10.0,
    "q_learning_params": {
      "learning_rate": 0.1,
      "discount_factor": 0.95,
      "final_epsilon": 0.05,
      "total_reward": 5750.885643697877
    }
  },
  "results": {
    "total_energy_wh": 17.216577627120234,
    "average_power_w": 0.017216601530818717,
    "final_stack_voltage_v": 4.76183782179964,
    "final_stack_power_w": 0.01721066290843317,
    "final_flow_rate_ml_h": 18000.0,
    "final_substrate_utilization_percent": 23.410302085916747,
    "final_objective_value": 0.49847754947778655,
    "q_learning_total_reward": 5750.885643697877,
    "q_table_size": 10
  }
}