{
  "simulation_info": {
    "timestamp": "20250722_222253",
    "duration_hours": 1000,
    "timestep_seconds": 10,
    "num_cells": 5,
    "gpu_acceleration": false,
    "control_method": "Q-Learning",
    "initial_flow_rate_ml_h": 10.0,
    "q_learning_params": {
      "learning_rate": 0.1,
      "discount_factor": 0.95,
      "final_epsilon": 0.05,
      "total_reward": 9640.930047531396
    }
  },
  "results": {
    "total_energy_wh": 2288.3938997933938,
    "average_power_w": 2.2883970751805585,
    "final_stack_voltage_v": 5.3844115128807655,
    "final_stack_power_w": 2.286278758871648,
    "final_flow_rate_ml_h": 18000.0,
    "final_substrate_utilization_percent": 1.9394529241859955e-06,
    "final_objective_value": 0.5042800978953974,
    "q_learning_total_reward": 9640.930047531396,
    "q_table_size": 3
  }
}