{
  "simulation_info": {
    "timestamp": "20250722_215832",
    "duration_hours": 1000,
    "timestep_seconds": 10,
    "num_cells": 5,
    "gpu_acceleration": false,
    "control_method": "Q-Learning",
    "initial_flow_rate_ml_h": 36000.0,
    "q_learning_params": {
      "learning_rate": 0.1,
      "discount_factor": 0.95,
      "final_epsilon": 0.05,
      "total_reward": 1049.7332281423226
    }
  },
  "results": {
    "total_energy_wh": 90.21004241786996,
    "average_power_w": 0.09021016771226525,
    "final_stack_voltage_v": 4.645016248798033,
    "final_stack_power_w": 0.09021196460750613,
    "final_flow_rate_ml_h": 18000.0,
    "final_substrate_utilization_percent": 8.870849327182511e-05,
    "final_objective_value": 0.30865396461432065,
    "q_learning_total_reward": 1049.7332281423226,
    "q_table_size": 4
  }
}