{
  "simulation_info": {
    "timestamp": "20250723_012218",
    "duration_hours": 1000,
    "timestep_seconds": 10,
    "num_cells": 5,
    "gpu_acceleration": false,
    "control_method": "Unified Q-Learning (Flow + Substrate Concentration)",
    "target_outlet_concentration_mmol_l": 12.0,
    "initial_flow_rate_ml_h": 10.0,
    "initial_inlet_concentration_mmol_l": 20.0,
    "unified_qlearning_params": {
      "learning_rate": 0.1,
      "discount_factor": 0.95,
      "final_epsilon": 0.08,
      "epsilon_decay": 0.998,
      "epsilon_min": 0.08,
      "action_space_size": 63,
      "state_dimensions": 6,
      "min_substrate": 5.0,
      "max_substrate": 45.0
    }
  },
  "results": {
    "total_energy_wh": 8.986946858509908,
    "average_power_w": 0.008986955380847214,
    "final_stack_voltage_v": 4.14656293923484,
    "final_stack_power_w": 0.006136082860469561,
    "final_flow_rate_ml_h": 18.0,
    "final_inlet_concentration_mmol_l": 5.0,
    "final_outlet_concentration_mmol_l": 4.9996804748854755,
    "final_concentration_error_mmol_l": -7.0003195251145245,
    "final_substrate_utilization_percent": 0.010650761519777063,
    "final_objective_value": 0.05053603341543063,
    "unified_control_performance": {
      "avg_reward": -842.7440695211397,
      "reward_std": 142.32144537161716,
      "reward_trend": -1.8014559938240429,
      "exploration_rate": 0.08,
      "q_table_size": 48,
      "total_reward": -5114218.2094753375
    }
  },
  "control_analysis": {
    "outlet_concentration_stats": {
      "mean": 12.255851206068924,
      "std": 4.844714847215148,
      "min": 4.998849752064618,
      "max": 34.99922575602468
    },
    "concentration_error_stats": {
      "mean_abs_error": 3.732387208865885,
      "rmse": 4.851459204269481,
      "std_error": 4.844708137205935,
      "max_error": 22.99922575602468
    }
  }
}