{
  "simulation_info": {
    "timestamp": "20250723_070017",
    "duration_hours": 1000,
    "timestep_seconds": 10,
    "num_cells": 5,
    "gpu_acceleration": false,
    "control_method": "Unified Q-Learning (Flow + Substrate Concentration)",
    "target_outlet_concentration_mmol_l": 12.0,
    "initial_flow_rate_ml_h": 10.0,
    "initial_inlet_concentration_mmol_l": 20.0,
    "unified_qlearning_params": {
      "learning_rate": 0.0987,
      "discount_factor": 0.9517,
      "final_epsilon": 0.102,
      "epsilon_decay": 0.9978,
      "epsilon_min": 0.102,
      "action_space_size": 57,
      "state_dimensions": 6,
      "min_substrate": 5.0,
      "max_substrate": 50.0
    }
  },
  "results": {
    "total_energy_wh": 8.284557133665945,
    "average_power_w": 0.008284570238910363,
    "final_stack_voltage_v": 4.434568302166447,
    "final_stack_power_w": 0.009435775981517824,
    "final_flow_rate_ml_h": 5.0,
    "final_inlet_concentration_mmol_l": 12.790000000000074,
    "final_outlet_concentration_mmol_l": 12.78834601623025,
    "final_concentration_error_mmol_l": 0.7883460162302498,
    "final_substrate_utilization_percent": 0.021552911245672705,
    "final_objective_value": 0.219342192781953,
    "unified_control_performance": {
      "avg_reward": -1067.5155606080418,
      "reward_trend": 0.1336598725677369,
      "exploration_rate": 0.102,
      "q_table_size": 155,
      "total_actions": 1000,
      "total_reward": -6499504.3525505
    }
  },
  "control_analysis": {
    "outlet_concentration_stats": {
      "mean": 10.095055918765159,
      "std": 4.379683602679364,
      "min": 4.998849752064618,
      "max": 28.73804032795079
    },
    "concentration_error_stats": {
      "mean_abs_error": 4.097394561369503,
      "rmse": 4.776021047888678,
      "std_error": 4.379678670551347,
      "max_error": 16.73804032795079
    }
  }
}