{
  "simulation_info": {
    "timestamp": "20250722_215950",
    "duration_hours": 1000,
    "timestep_seconds": 10,
    "num_cells": 5,
    "gpu_acceleration": false,
    "control_method": "Q-Learning",
    "initial_flow_rate_ml_h": 10.0,
    "q_learning_params": {
      "learning_rate": 0.1,
      "discount_factor": 0.95,
      "final_epsilon": 0.05,
      "total_reward": 1047.8580706807347
    }
  },
  "results": {
    "total_energy_wh": 90.21245640577975,
    "average_power_w": 0.09021258168273942,
    "final_stack_voltage_v": 4.6449179632496325,
    "final_stack_power_w": 0.09019941095954953,
    "final_flow_rate_ml_h": 18000.0,
    "final_substrate_utilization_percent": 8.869802634535427e-05,
    "final_objective_value": 0.3085347664499775,
    "q_learning_total_reward": 1047.8580706807347,
    "q_table_size": 3
  }
}