{
  "simulation_info": {
    "timestamp": "20250722_230533",
    "duration_hours": 1000,
    "timestep_seconds": 10,
    "num_cells": 5,
    "gpu_acceleration": false,
    "control_method": "Q-Learning",
    "initial_flow_rate_ml_h": 10.0,
    "q_learning_params": {
      "learning_rate": 0.1,
      "discount_factor": 0.95,
      "final_epsilon": 0.05,
      "total_reward": 299462.99207925407
    }
  },
  "results": {
    "total_energy_wh": 17.217509640870716,
    "average_power_w": 0.017217533559703103,
    "final_stack_voltage_v": 4.762265452170919,
    "final_stack_power_w": 0.017221559321052977,
    "final_flow_rate_ml_h": 18000.0,
    "final_substrate_utilization_percent": 23.422956618451956,
    "final_objective_value": 0.49903074471766623,
    "q_learning_total_reward": 299462.99207925407,
    "q_table_size": 10
  }
}