{
  "simulation_info": {
    "timestamp": "20250722_230653",
    "duration_hours": 1000,
    "timestep_seconds": 10,
    "num_cells": 5,
    "gpu_acceleration": false,
    "control_method": "Q-Learning",
    "flow_configuration": "PARALLEL",
    "initial_flow_rate_ml_h": 10.0,
    "q_learning_params": {
      "learning_rate": 0.1,
      "discount_factor": 0.95,
      "final_epsilon": 0.05,
      "total_reward": -3389878.221140385
    }
  },
  "results": {
    "total_energy_wh": 10.902701465903611,
    "average_power_w": 0.010902716608586242,
    "final_stack_voltage_v": 4.6047189562170505,
    "final_stack_power_w": 0.01090273149670189,
    "final_flow_rate_ml_h": 22.999999999999986,
    "final_substrate_utilization_percent": 0.0006668444918567218,
    "final_objective_value": 0.06109694159458874,
    "q_learning_total_reward": -3389878.221140385,
    "q_table_size": 3
  }
}