{
  "simulation_info": {
    "timestamp": "20250722_223344",
    "duration_hours": 1000,
    "timestep_seconds": 10,
    "num_cells": 5,
    "gpu_acceleration": false,
    "control_method": "Q-Learning",
    "initial_flow_rate_ml_h": 10.0,
    "q_learning_params": {
      "learning_rate": 0.1,
      "discount_factor": 0.95,
      "final_epsilon": 0.05,
      "total_reward": 5758.652234888407
    }
  },
  "results": {
    "total_energy_wh": 17.217948554494313,
    "average_power_w": 0.017217972460876863,
    "final_stack_voltage_v": 4.761914634804162,
    "final_stack_power_w": 0.0172125954341615,
    "final_flow_rate_ml_h": 18000.0,
    "final_substrate_utilization_percent": 23.412548146699255,
    "final_objective_value": 0.4985757155924459,
    "q_learning_total_reward": 5758.652234888407,
    "q_table_size": 10
  }
}